revision,book,book_path,scc,name,workspace_path,matching_book_lines
fb83a789da8f0327a389c277a0c790b1648d5810,heroes,en/books/heroes/md/chapter/ancestries.md,mcdm.heroes.v1/chapter/ancestries,Ancestries,vendor/steel-compendium/en/unified/md/chapter/ancestries.md,44
fb83a789da8f0327a389c277a0c790b1648d5810,heroes,en/books/heroes/md/chapter/downtime-projects.md,mcdm.heroes.v1/chapter/downtime-projects,Downtime Projects,vendor/steel-compendium/en/unified/md/chapter/downtime-projects.md,8;12
fb83a789da8f0327a389c277a0c790b1648d5810,heroes,en/books/heroes/md/chapter/for-the-director.md,mcdm.heroes.v1/chapter/for-the-director,For the Director,vendor/steel-compendium/en/unified/md/chapter/for-the-director.md,157;208;392;396;583;1197;1199;1203;1205;1207;1209;1211;1215;1219;1221;1223;1225;1227;1229;1233;1239
fb83a789da8f0327a389c277a0c790b1648d5810,heroes,en/books/heroes/md/chapter/introduction.md,mcdm.heroes.v1/chapter/introduction,Introduction,vendor/steel-compendium/en/unified/md/chapter/introduction.md,144;240;266;428;454;456
fb83a789da8f0327a389c277a0c790b1648d5810,heroes,en/books/heroes/md/chapter/kits.md,mcdm.heroes.v1/chapter/kits,Kits,vendor/steel-compendium/en/unified/md/chapter/kits.md,12;92
fb83a789da8f0327a389c277a0c790b1648d5810,heroes,en/books/heroes/md/chapter/making-a-hero.md,mcdm.heroes.v1/chapter/making-a-hero,Making a Hero,vendor/steel-compendium/en/unified/md/chapter/making-a-hero.md,132;134;136;142
fb83a789da8f0327a389c277a0c790b1648d5810,heroes,en/books/heroes/md/chapter/the-basics.md,mcdm.heroes.v1/chapter/the-basics,The Basics,vendor/steel-compendium/en/unified/md/chapter/the-basics.md,98
fb83a789da8f0327a389c277a0c790b1648d5810,heroes,en/books/heroes/md/complication/advanced-studies.md,mcdm.heroes.v1/complication/advanced-studies,Advanced Studies,vendor/steel-compendium/en/unified/md/complication/advanced-studies.md,10;12;14
fb83a789da8f0327a389c277a0c790b1648d5810,heroes,en/books/heroes/md/complication/animal-form.md,mcdm.heroes.v1/complication/animal-form,Animal Form,vendor/steel-compendium/en/unified/md/complication/animal-form.md,3;16
fb83a789da8f0327a389c277a0c790b1648d5810,heroes,en/books/heroes/md/complication/curse-of-poverty.md,mcdm.heroes.v1/complication/curse-of-poverty,Curse of Poverty,vendor/steel-compendium/en/unified/md/complication/curse-of-poverty.md,10
fb83a789da8f0327a389c277a0c790b1648d5810,heroes,en/books/heroes/md/complication/evanesceria.md,mcdm.heroes.v1/complication/evanesceria,Evanesceria,vendor/steel-compendium/en/unified/md/complication/evanesceria.md,3;14
fb83a789da8f0327a389c277a0c790b1648d5810,heroes,en/books/heroes/md/complication/hawk-rider.md,mcdm.heroes.v1/complication/hawk-rider,Hawk Rider,vendor/steel-compendium/en/unified/md/complication/hawk-rider.md,2;12
fb83a789da8f0327a389c277a0c790b1648d5810,heroes,en/books/heroes/md/complication/hunted.md,mcdm.heroes.v1/complication/hunted,Hunted,vendor/steel-compendium/en/unified/md/complication/hunted.md,2;12
fb83a789da8f0327a389c277a0c790b1648d5810,heroes,en/books/heroes/md/complication/lifebonded.md,mcdm.heroes.v1/complication/lifebonded,Lifebonded,vendor/steel-compendium/en/unified/md/complication/lifebonded.md,2;12
fb83a789da8f0327a389c277a0c790b1648d5810,heroes,en/books/heroes/md/complication/loner.md,mcdm.heroes.v1/complication/loner,Loner,vendor/steel-compendium/en/unified/md/complication/loner.md,2;12
fb83a789da8f0327a389c277a0c790b1648d5810,heroes,en/books/heroes/md/complication/master-chef.md,mcdm.heroes.v1/complication/master-chef,Master Chef,vendor/steel-compendium/en/unified/md/complication/master-chef.md,2;12
fb83a789da8f0327a389c277a0c790b1648d5810,heroes,en/books/heroes/md/complication/preacher.md,mcdm.heroes.v1/complication/preacher,Preacher,vendor/steel-compendium/en/unified/md/complication/preacher.md,2;3;12;14
fb83a789da8f0327a389c277a0c790b1648d5810,heroes,en/books/heroes/md/complication/secret-twin.md,mcdm.heroes.v1/complication/secret-twin,Secret Twin,vendor/steel-compendium/en/unified/md/complication/secret-twin.md,3;14
fb83a789da8f0327a389c277a0c790b1648d5810,heroes,en/books/heroes/md/complication/siblings-shield.md,mcdm.heroes.v1/complication/siblings-shield,Sibling's Shield,vendor/steel-compendium/en/unified/md/complication/siblings-shield.md,3;14
fb83a789da8f0327a389c277a0c790b1648d5810,heroes,en/books/heroes/md/complication/vampire-scion.md,mcdm.heroes.v1/complication/vampire-scion,Vampire Scion,vendor/steel-compendium/en/unified/md/complication/vampire-scion.md,2;12
fb83a789da8f0327a389c277a0c790b1648d5810,heroes,en/books/heroes/md/complication/voice-in-your-head.md,mcdm.heroes.v1/complication/voice-in-your-head,Voice in Your Head,vendor/steel-compendium/en/unified/md/complication/voice-in-your-head.md,3;14
fb83a789da8f0327a389c277a0c790b1648d5810,heroes,en/books/heroes/md/complication/waking-dreams.md,mcdm.heroes.v1/complication/waking-dreams,Waking Dreams,vendor/steel-compendium/en/unified/md/complication/waking-dreams.md,3;4;10;14
fb83a789da8f0327a389c277a0c790b1648d5810,heroes,en/books/heroes/md/complication/ward.md,mcdm.heroes.v1/complication/ward,Ward,vendor/steel-compendium/en/unified/md/complication/ward.md,3;14
fb83a789da8f0327a389c277a0c790b1648d5810,heroes,en/books/heroes/md/feature/ability/talent/level-8/doubt.md,mcdm.heroes.v1/feature.ability.talent.level-8/doubt,Doubt,vendor/steel-compendium/en/unified/md/feature/ability/talent/level-8/doubt.md,13;47
fb83a789da8f0327a389c277a0c790b1648d5810,heroes,en/books/heroes/md/feature/censor/level-1/blessing-of-fortunate-weather.md,mcdm.heroes.v1/feature.censor.level-1/blessing-of-fortunate-weather,Blessing of Fortunate Weather,vendor/steel-compendium/en/unified/md/feature/censor/level-1/blessing-of-fortunate-weather.md,10
fb83a789da8f0327a389c277a0c790b1648d5810,heroes,en/books/heroes/md/feature/censor/level-1/inner-light.md,mcdm.heroes.v1/feature.censor.level-1/inner-light,Inner Light,vendor/steel-compendium/en/unified/md/feature/censor/level-1/inner-light.md,10
fb83a789da8f0327a389c277a0c790b1648d5810,heroes,en/books/heroes/md/feature/censor/level-1/oracular-visions.md,mcdm.heroes.v1/feature.censor.level-1/oracular-visions,Oracular Visions,vendor/steel-compendium/en/unified/md/feature/censor/level-1/oracular-visions.md,10
fb83a789da8f0327a389c277a0c790b1648d5810,heroes,en/books/heroes/md/feature/censor/level-1/revitalizing-ritual.md,mcdm.heroes.v1/feature.censor.level-1/revitalizing-ritual,Revitalizing Ritual,vendor/steel-compendium/en/unified/md/feature/censor/level-1/revitalizing-ritual.md,10
fb83a789da8f0327a389c277a0c790b1648d5810,heroes,en/books/heroes/md/feature/censor/level-1/sanctified-weapon.md,mcdm.heroes.v1/feature.censor.level-1/sanctified-weapon,Sanctified Weapon,vendor/steel-compendium/en/unified/md/feature/censor/level-1/sanctified-weapon.md,10
fb83a789da8f0327a389c277a0c790b1648d5810,heroes,en/books/heroes/md/feature/censor/level-1/wrath.md,mcdm.heroes.v1/feature.censor.level-1/wrath,Wrath,vendor/steel-compendium/en/unified/md/feature/censor/level-1/wrath.md,21
fb83a789da8f0327a389c277a0c790b1648d5810,heroes,en/books/heroes/md/feature/censor/level-10/templar.md,mcdm.heroes.v1/feature.censor.level-10/templar,Templar,vendor/steel-compendium/en/unified/md/feature/censor/level-10/templar.md,11
fb83a789da8f0327a389c277a0c790b1648d5810,heroes,en/books/heroes/md/feature/censor/level-10/virtue.md,mcdm.heroes.v1/feature.censor.level-10/virtue,Virtue,vendor/steel-compendium/en/unified/md/feature/censor/level-10/virtue.md,9;11
fb83a789da8f0327a389c277a0c790b1648d5810,heroes,en/books/heroes/md/feature/censor/level-4/oracular-warning.md,mcdm.heroes.v1/feature.censor.level-4/oracular-warning,Oracular Warning,vendor/steel-compendium/en/unified/md/feature/censor/level-4/oracular-warning.md,10
fb83a789da8f0327a389c277a0c790b1648d5810,heroes,en/books/heroes/md/feature/censor/level-4/saints-epiphany.md,mcdm.heroes.v1/feature.censor.level-4/saints-epiphany,Saint's Epiphany,vendor/steel-compendium/en/unified/md/feature/censor/level-4/saints-epiphany.md,10
fb83a789da8f0327a389c277a0c790b1648d5810,heroes,en/books/heroes/md/feature/censor/level-4/seance.md,mcdm.heroes.v1/feature.censor.level-4/seance,Seance,vendor/steel-compendium/en/unified/md/feature/censor/level-4/seance.md,10
fb83a789da8f0327a389c277a0c790b1648d5810,heroes,en/books/heroes/md/feature/censor/level-5/prophecy.md,mcdm.heroes.v1/feature.censor.level-5/prophecy,Prophecy,vendor/steel-compendium/en/unified/md/feature/censor/level-5/prophecy.md,12
fb83a789da8f0327a389c277a0c790b1648d5810,heroes,en/books/heroes/md/feature/censor/level-6/implement-of-wrath.md,mcdm.heroes.v1/feature.censor.level-6/implement-of-wrath,Implement of Wrath,vendor/steel-compendium/en/unified/md/feature/censor/level-6/implement-of-wrath.md,9
fb83a789da8f0327a389c277a0c790b1648d5810,heroes,en/books/heroes/md/feature/censor/level-7/divine-quartermaster.md,mcdm.heroes.v1/feature.censor.level-7/divine-quartermaster,Divine Quartermaster,vendor/steel-compendium/en/unified/md/feature/censor/level-7/divine-quartermaster.md,10
fb83a789da8f0327a389c277a0c790b1648d5810,heroes,en/books/heroes/md/feature/censor/level-7/natures-bounty.md,mcdm.heroes.v1/feature.censor.level-7/natures-bounty,Nature's Bounty,vendor/steel-compendium/en/unified/md/feature/censor/level-7/natures-bounty.md,10;18
fb83a789da8f0327a389c277a0c790b1648d5810,heroes,en/books/heroes/md/feature/censor/level-7/your-triumphs-are-remembered.md,mcdm.heroes.v1/feature.censor.level-7/your-triumphs-are-remembered,Your Triumphs Are Remembered,vendor/steel-compendium/en/unified/md/feature/censor/level-7/your-triumphs-are-remembered.md,10
fb83a789da8f0327a389c277a0c790b1648d5810,heroes,en/books/heroes/md/feature/conduit/level-1/blessing-of-fortunate-weather.md,mcdm.heroes.v1/feature.conduit.level-1/blessing-of-fortunate-weather,Blessing of Fortunate Weather,vendor/steel-compendium/en/unified/md/feature/conduit/level-1/blessing-of-fortunate-weather.md,10
fb83a789da8f0327a389c277a0c790b1648d5810,heroes,en/books/heroes/md/feature/conduit/level-1/conduit-ward.md,mcdm.heroes.v1/feature.conduit.level-1/conduit-ward,Conduit Ward,vendor/steel-compendium/en/unified/md/feature/conduit/level-1/conduit-ward.md,9
fb83a789da8f0327a389c277a0c790b1648d5810,heroes,en/books/heroes/md/feature/conduit/level-1/inner-light.md,mcdm.heroes.v1/feature.conduit.level-1/inner-light,Inner Light,vendor/steel-compendium/en/unified/md/feature/conduit/level-1/inner-light.md,10
fb83a789da8f0327a389c277a0c790b1648d5810,heroes,en/books/heroes/md/feature/conduit/level-1/oracular-visions.md,mcdm.heroes.v1/feature.conduit.level-1/oracular-visions,Oracular Visions,vendor/steel-compendium/en/unified/md/feature/conduit/level-1/oracular-visions.md,10
fb83a789da8f0327a389c277a0c790b1648d5810,heroes,en/books/heroes/md/feature/conduit/level-1/piety.md,mcdm.heroes.v1/feature.conduit.level-1/piety,Piety,vendor/steel-compendium/en/unified/md/feature/conduit/level-1/piety.md,25
fb83a789da8f0327a389c277a0c790b1648d5810,heroes,en/books/heroes/md/feature/conduit/level-1/prayer.md,mcdm.heroes.v1/feature.conduit.level-1/prayer,Prayer,vendor/steel-compendium/en/unified/md/feature/conduit/level-1/prayer.md,9
fb83a789da8f0327a389c277a0c790b1648d5810,heroes,en/books/heroes/md/feature/conduit/level-1/revitalizing-ritual.md,mcdm.heroes.v1/feature.conduit.level-1/revitalizing-ritual,Revitalizing Ritual,vendor/steel-compendium/en/unified/md/feature/conduit/level-1/revitalizing-ritual.md,10
fb83a789da8f0327a389c277a0c790b1648d5810,heroes,en/books/heroes/md/feature/conduit/level-1/sanctified-weapon.md,mcdm.heroes.v1/feature.conduit.level-1/sanctified-weapon,Sanctified Weapon,vendor/steel-compendium/en/unified/md/feature/conduit/level-1/sanctified-weapon.md,10
fb83a789da8f0327a389c277a0c790b1648d5810,heroes,en/books/heroes/md/feature/conduit/level-10/avatar.md,mcdm.heroes.v1/feature.conduit.level-10/avatar,Avatar,vendor/steel-compendium/en/unified/md/feature/conduit/level-10/avatar.md,9;11
fb83a789da8f0327a389c277a0c790b1648d5810,heroes,en/books/heroes/md/feature/conduit/level-10/divine-power.md,mcdm.heroes.v1/feature.conduit.level-10/divine-power,Divine Power,vendor/steel-compendium/en/unified/md/feature/conduit/level-10/divine-power.md,9
fb83a789da8f0327a389c277a0c790b1648d5810,heroes,en/books/heroes/md/feature/conduit/level-3/minor-miracle.md,mcdm.heroes.v1/feature.conduit.level-3/minor-miracle,Minor Miracle,vendor/steel-compendium/en/unified/md/feature/conduit/level-3/minor-miracle.md,9;11
fb83a789da8f0327a389c277a0c790b1648d5810,heroes,en/books/heroes/md/feature/conduit/level-4/4th-level-domain-feature.md,mcdm.heroes.v1/feature.conduit.level-4/4th-level-domain-feature,4th-Level Domain Feature,vendor/steel-compendium/en/unified/md/feature/conduit/level-4/4th-level-domain-feature.md,60;64;68
fb83a789da8f0327a389c277a0c790b1648d5810,heroes,en/books/heroes/md/feature/conduit/level-7/divine-quartermaster.md,mcdm.heroes.v1/feature.conduit.level-7/divine-quartermaster,Divine Quartermaster,vendor/steel-compendium/en/unified/md/feature/conduit/level-7/divine-quartermaster.md,10
fb83a789da8f0327a389c277a0c790b1648d5810,heroes,en/books/heroes/md/feature/conduit/level-7/natures-bounty.md,mcdm.heroes.v1/feature.conduit.level-7/natures-bounty,Nature's Bounty,vendor/steel-compendium/en/unified/md/feature/conduit/level-7/natures-bounty.md,10;18
fb83a789da8f0327a389c277a0c790b1648d5810,heroes,en/books/heroes/md/feature/conduit/level-7/your-triumphs-are-remembered.md,mcdm.heroes.v1/feature.conduit.level-7/your-triumphs-are-remembered,Your Triumphs Are Remembered,vendor/steel-compendium/en/unified/md/feature/conduit/level-7/your-triumphs-are-remembered.md,10
fb83a789da8f0327a389c277a0c790b1648d5810,heroes,en/books/heroes/md/feature/conduit/level-9/faiths-sword.md,mcdm.heroes.v1/feature.conduit.level-9/faiths-sword,Faith's Sword,vendor/steel-compendium/en/unified/md/feature/conduit/level-9/faiths-sword.md,9
fb83a789da8f0327a389c277a0c790b1648d5810,heroes,en/books/heroes/md/feature/elementalist/level-1/elementalist-ward.md,mcdm.heroes.v1/feature.elementalist.level-1/elementalist-ward,Elementalist Ward,vendor/steel-compendium/en/unified/md/feature/elementalist/level-1/elementalist-ward.md,9
fb83a789da8f0327a389c277a0c790b1648d5810,heroes,en/books/heroes/md/feature/elementalist/level-1/enchantment.md,mcdm.heroes.v1/feature.elementalist.level-1/enchantment,Enchantment,vendor/steel-compendium/en/unified/md/feature/elementalist/level-1/enchantment.md,9
fb83a789da8f0327a389c277a0c790b1648d5810,heroes,en/books/heroes/md/feature/elementalist/level-1/essence.md,mcdm.heroes.v1/feature.elementalist.level-1/essence,Essence,vendor/steel-compendium/en/unified/md/feature/elementalist/level-1/essence.md,21
fb83a789da8f0327a389c277a0c790b1648d5810,heroes,en/books/heroes/md/feature/elementalist/level-10/breath.md,mcdm.heroes.v1/feature.elementalist.level-10/breath,Breath,vendor/steel-compendium/en/unified/md/feature/elementalist/level-10/breath.md,9
fb83a789da8f0327a389c277a0c790b1648d5810,heroes,en/books/heroes/md/feature/elementalist/level-10/master-of-earth.md,mcdm.heroes.v1/feature.elementalist.level-10/master-of-earth,Master of Earth,vendor/steel-compendium/en/unified/md/feature/elementalist/level-10/master-of-earth.md,12
fb83a789da8f0327a389c277a0c790b1648d5810,heroes,en/books/heroes/md/feature/elementalist/level-10/master-of-green.md,mcdm.heroes.v1/feature.elementalist.level-10/master-of-green,Master of Green,vendor/steel-compendium/en/unified/md/feature/elementalist/level-10/master-of-green.md,10;12
fb83a789da8f0327a389c277a0c790b1648d5810,heroes,en/books/heroes/md/feature/elementalist/level-10/master-of-void.md,mcdm.heroes.v1/feature.elementalist.level-10/master-of-void,Master of Void,vendor/steel-compendium/en/unified/md/feature/elementalist/level-10/master-of-void.md,12
fb83a789da8f0327a389c277a0c790b1648d5810,heroes,en/books/heroes/md/feature/elementalist/level-3/distance-is-only-memory.md,mcdm.heroes.v1/feature.elementalist.level-3/distance-is-only-memory,Distance Is Only Memory,vendor/steel-compendium/en/unified/md/feature/elementalist/level-3/distance-is-only-memory.md,10
fb83a789da8f0327a389c277a0c790b1648d5810,heroes,en/books/heroes/md/feature/fury/level-1/ferocity.md,mcdm.heroes.v1/feature.fury.level-1/ferocity,Ferocity,vendor/steel-compendium/en/unified/md/feature/fury/level-1/ferocity.md,25
fb83a789da8f0327a389c277a0c790b1648d5810,heroes,en/books/heroes/md/feature/fury/level-10/primordial-power.md,mcdm.heroes.v1/feature.fury.level-10/primordial-power,Primordial Power,vendor/steel-compendium/en/unified/md/feature/fury/level-10/primordial-power.md,9
fb83a789da8f0327a389c277a0c790b1648d5810,heroes,en/books/heroes/md/feature/fury/level-8/menagerie.md,mcdm.heroes.v1/feature.fury.level-8/menagerie,Menagerie,vendor/steel-compendium/en/unified/md/feature/fury/level-8/menagerie.md,10
fb83a789da8f0327a389c277a0c790b1648d5810,heroes,en/books/heroes/md/feature/fury/level-9/harbinger-of-the-primordial-chaos.md,mcdm.heroes.v1/feature.fury.level-9/harbinger-of-the-primordial-chaos,Harbinger of the Primordial Chaos,vendor/steel-compendium/en/unified/md/feature/fury/level-9/harbinger-of-the-primordial-chaos.md,9
fb83a789da8f0327a389c277a0c790b1648d5810,heroes,en/books/heroes/md/feature/null/level-1/discipline.md,mcdm.heroes.v1/feature.null.level-1/discipline,Discipline,vendor/steel-compendium/en/unified/md/feature/null/level-1/discipline.md,21
fb83a789da8f0327a389c277a0c790b1648d5810,heroes,en/books/heroes/md/feature/null/level-1/psionic-augmentation.md,mcdm.heroes.v1/feature.null.level-1/psionic-augmentation,Psionic Augmentation,vendor/steel-compendium/en/unified/md/feature/null/level-1/psionic-augmentation.md,9
fb83a789da8f0327a389c277a0c790b1648d5810,heroes,en/books/heroes/md/feature/null/level-10/manifold-resonance.md,mcdm.heroes.v1/feature.null.level-10/manifold-resonance,Manifold Resonance,vendor/steel-compendium/en/unified/md/feature/null/level-10/manifold-resonance.md,9
fb83a789da8f0327a389c277a0c790b1648d5810,heroes,en/books/heroes/md/feature/null/level-10/order.md,mcdm.heroes.v1/feature.null.level-10/order,Order,vendor/steel-compendium/en/unified/md/feature/null/level-10/order.md,9
fb83a789da8f0327a389c277a0c790b1648d5810,heroes,en/books/heroes/md/feature/null/level-2/rapid-processing.md,mcdm.heroes.v1/feature.null.level-2/rapid-processing,Rapid Processing,vendor/steel-compendium/en/unified/md/feature/null/level-2/rapid-processing.md,10
fb83a789da8f0327a389c277a0c790b1648d5810,heroes,en/books/heroes/md/feature/shadow/level-1/insight.md,mcdm.heroes.v1/feature.shadow.level-1/insight,Insight,vendor/steel-compendium/en/unified/md/feature/shadow/level-1/insight.md,23
fb83a789da8f0327a389c277a0c790b1648d5810,heroes,en/books/heroes/md/feature/shadow/level-10/subterfuge.md,mcdm.heroes.v1/feature.shadow.level-10/subterfuge,Subterfuge,vendor/steel-compendium/en/unified/md/feature/shadow/level-10/subterfuge.md,9
fb83a789da8f0327a389c277a0c790b1648d5810,heroes,en/books/heroes/md/feature/tactician/level-1/field-arsenal.md,mcdm.heroes.v1/feature.tactician.level-1/field-arsenal,Field Arsenal,vendor/steel-compendium/en/unified/md/feature/tactician/level-1/field-arsenal.md,11
fb83a789da8f0327a389c277a0c790b1648d5810,heroes,en/books/heroes/md/feature/tactician/level-1/focus.md,mcdm.heroes.v1/feature.tactician.level-1/focus,Focus,vendor/steel-compendium/en/unified/md/feature/tactician/level-1/focus.md,21
fb83a789da8f0327a389c277a0c790b1648d5810,heroes,en/books/heroes/md/feature/tactician/level-1/studied-commander.md,mcdm.heroes.v1/feature.tactician.level-1/studied-commander,Studied Commander,vendor/steel-compendium/en/unified/md/feature/tactician/level-1/studied-commander.md,10;12
fb83a789da8f0327a389c277a0c790b1648d5810,heroes,en/books/heroes/md/feature/tactician/level-10/command.md,mcdm.heroes.v1/feature.tactician.level-10/command,Command,vendor/steel-compendium/en/unified/md/feature/tactician/level-10/command.md,9
fb83a789da8f0327a389c277a0c790b1648d5810,heroes,en/books/heroes/md/feature/tactician/level-7/grand-strategy.md,mcdm.heroes.v1/feature.tactician.level-7/grand-strategy,Grand Strategy,vendor/steel-compendium/en/unified/md/feature/tactician/level-7/grand-strategy.md,10
fb83a789da8f0327a389c277a0c790b1648d5810,heroes,en/books/heroes/md/feature/tactician/level-7/shock-and-awe.md,mcdm.heroes.v1/feature.tactician.level-7/shock-and-awe,Shock and Awe,vendor/steel-compendium/en/unified/md/feature/tactician/level-7/shock-and-awe.md,10
fb83a789da8f0327a389c277a0c790b1648d5810,heroes,en/books/heroes/md/feature/talent/level-1/clarity-and-strain.md,mcdm.heroes.v1/feature.talent.level-1/clarity-and-strain,Clarity and Strain,vendor/steel-compendium/en/unified/md/feature/talent/level-1/clarity-and-strain.md,25
fb83a789da8f0327a389c277a0c790b1648d5810,heroes,en/books/heroes/md/feature/talent/level-1/psionic-augmentation.md,mcdm.heroes.v1/feature.talent.level-1/psionic-augmentation,Psionic Augmentation,vendor/steel-compendium/en/unified/md/feature/talent/level-1/psionic-augmentation.md,9
fb83a789da8f0327a389c277a0c790b1648d5810,heroes,en/books/heroes/md/feature/talent/level-1/talent-ward.md,mcdm.heroes.v1/feature.talent.level-1/talent-ward,Talent Ward,vendor/steel-compendium/en/unified/md/feature/talent/level-1/talent-ward.md,9
fb83a789da8f0327a389c277a0c790b1648d5810,heroes,en/books/heroes/md/feature/talent/level-10/vision.md,mcdm.heroes.v1/feature.talent.level-10/vision,Vision,vendor/steel-compendium/en/unified/md/feature/talent/level-10/vision.md,9
fb83a789da8f0327a389c277a0c790b1648d5810,heroes,en/books/heroes/md/feature/talent/level-7/ancestral-memory.md,mcdm.heroes.v1/feature.talent.level-7/ancestral-memory,Ancestral Memory,vendor/steel-compendium/en/unified/md/feature/talent/level-7/ancestral-memory.md,9
fb83a789da8f0327a389c277a0c790b1648d5810,heroes,en/books/heroes/md/feature/talent/level-8/doubling-the-hours.md,mcdm.heroes.v1/feature.talent.level-8/doubling-the-hours,Doubling the Hours,vendor/steel-compendium/en/unified/md/feature/talent/level-8/doubling-the-hours.md,10
fb83a789da8f0327a389c277a0c790b1648d5810,heroes,en/books/heroes/md/feature/talent/level-8/mindlink.md,mcdm.heroes.v1/feature.talent.level-8/mindlink,Mindlink,vendor/steel-compendium/en/unified/md/feature/talent/level-8/mindlink.md,10
fb83a789da8f0327a389c277a0c790b1648d5810,heroes,en/books/heroes/md/feature/trait/dragon-knight/wyrmplate.md,mcdm.heroes.v1/feature.trait.dragon-knight/wyrmplate,'Signature Trait: Wyrmplate',vendor/steel-compendium/en/unified/md/feature/trait/dragon-knight/wyrmplate.md,8
fb83a789da8f0327a389c277a0c790b1648d5810,heroes,en/books/heroes/md/feature/troubadour/level-1/drama.md,mcdm.heroes.v1/feature.troubadour.level-1/drama,Drama,vendor/steel-compendium/en/unified/md/feature/troubadour/level-1/drama.md,28
fb83a789da8f0327a389c277a0c790b1648d5810,heroes,en/books/heroes/md/feature/troubadour/level-10/applause.md,mcdm.heroes.v1/feature.troubadour.level-10/applause,Applause,vendor/steel-compendium/en/unified/md/feature/troubadour/level-10/applause.md,9
fb83a789da8f0327a389c277a0c790b1648d5810,heroes,en/books/heroes/md/feature/troubadour/level-10/greatest-of-all-time.md,mcdm.heroes.v1/feature.troubadour.level-10/greatest-of-all-time,Greatest of All Time,vendor/steel-compendium/en/unified/md/feature/troubadour/level-10/greatest-of-all-time.md,9
fb83a789da8f0327a389c277a0c790b1648d5810,heroes,en/books/heroes/md/feature/troubadour/level-2/formal-introductions.md,mcdm.heroes.v1/feature.troubadour.level-2/formal-introductions,Formal Introductions,vendor/steel-compendium/en/unified/md/feature/troubadour/level-2/formal-introductions.md,9
fb83a789da8f0327a389c277a0c790b1648d5810,heroes,en/books/heroes/md/feature/troubadour/level-4/hear-ye-hear-ye.md,mcdm.heroes.v1/feature.troubadour.level-4/hear-ye-hear-ye,"Hear Ye, Hear Ye!",vendor/steel-compendium/en/unified/md/feature/troubadour/level-4/hear-ye-hear-ye.md,13
fb83a789da8f0327a389c277a0c790b1648d5810,heroes,en/books/heroes/md/feature/troubadour/level-4/latest-goss.md,mcdm.heroes.v1/feature.troubadour.level-4/latest-goss,Latest Goss,vendor/steel-compendium/en/unified/md/feature/troubadour/level-4/latest-goss.md,9
fb83a789da8f0327a389c277a0c790b1648d5810,heroes,en/books/heroes/md/feature/troubadour/level-4/zeitgeist.md,mcdm.heroes.v1/feature.troubadour.level-4/zeitgeist,Zeitgeist,vendor/steel-compendium/en/unified/md/feature/troubadour/level-4/zeitgeist.md,9
fb83a789da8f0327a389c277a0c790b1648d5810,heroes,en/books/heroes/md/perk/criminal-contacts.md,mcdm.heroes.v1/perk/criminal-contacts,Criminal Contacts,vendor/steel-compendium/en/unified/md/perk/criminal-contacts.md,2;8
fb83a789da8f0327a389c277a0c790b1648d5810,heroes,en/books/heroes/md/perk/eidetic-memory.md,mcdm.heroes.v1/perk/eidetic-memory,Eidetic Memory,vendor/steel-compendium/en/unified/md/perk/eidetic-memory.md,2;8
fb83a789da8f0327a389c277a0c790b1648d5810,heroes,en/books/heroes/md/perk/familiar.md,mcdm.heroes.v1/perk/familiar,Familiar,vendor/steel-compendium/en/unified/md/perk/familiar.md,14
fb83a789da8f0327a389c277a0c790b1648d5810,heroes,en/books/heroes/md/perk/inspired-artisan.md,mcdm.heroes.v1/perk/inspired-artisan,Inspired Artisan,vendor/steel-compendium/en/unified/md/perk/inspired-artisan.md,2;8
fb83a789da8f0327a389c277a0c790b1648d5810,heroes,en/books/heroes/md/perk/thingspeaker.md,mcdm.heroes.v1/perk/thingspeaker,Thingspeaker,vendor/steel-compendium/en/unified/md/perk/thingspeaker.md,14
fb83a789da8f0327a389c277a0c790b1648d5810,heroes,en/books/heroes/md/perk/traveling-artisan.md,mcdm.heroes.v1/perk/traveling-artisan,Traveling Artisan,vendor/steel-compendium/en/unified/md/perk/traveling-artisan.md,2;8
fb83a789da8f0327a389c277a0c790b1648d5810,heroes,en/books/heroes/md/perk/traveling-sage.md,mcdm.heroes.v1/perk/traveling-sage,Traveling Sage,vendor/steel-compendium/en/unified/md/perk/traveling-sage.md,2;8
fb83a789da8f0327a389c277a0c790b1648d5810,heroes,en/books/heroes/md/project/build-airship.md,mcdm.heroes.v1/project/build-airship,Build Airship,vendor/steel-compendium/en/unified/md/project/build-airship.md,23
fb83a789da8f0327a389c277a0c790b1648d5810,heroes,en/books/heroes/md/project/community-service.md,mcdm.heroes.v1/project/community-service,Community Service,vendor/steel-compendium/en/unified/md/project/community-service.md,33;35
fb83a789da8f0327a389c277a0c790b1648d5810,heroes,en/books/heroes/md/project/craft-teleportation-platform.md,mcdm.heroes.v1/project/craft-teleportation-platform,Craft Teleportation Platform,vendor/steel-compendium/en/unified/md/project/craft-teleportation-platform.md,19;21
fb83a789da8f0327a389c277a0c790b1648d5810,heroes,en/books/heroes/md/project/fishing.md,mcdm.heroes.v1/project/fishing,Fishing,vendor/steel-compendium/en/unified/md/project/fishing.md,22;24;30;31;43;45;48
fb83a789da8f0327a389c277a0c790b1648d5810,heroes,en/books/heroes/md/project/hone-career-skills.md,mcdm.heroes.v1/project/hone-career-skills,Hone Career Skills,vendor/steel-compendium/en/unified/md/project/hone-career-skills.md,26
fb83a789da8f0327a389c277a0c790b1648d5810,heroes,en/books/heroes/md/project/learn-from-a-master.md,mcdm.heroes.v1/project/learn-from-a-master,Learn From a Master,vendor/steel-compendium/en/unified/md/project/learn-from-a-master.md,28;29;32
fb83a789da8f0327a389c277a0c790b1648d5810,heroes,en/books/heroes/md/project/perfect-new-recipe.md,mcdm.heroes.v1/project/perfect-new-recipe,Perfect New Recipe,vendor/steel-compendium/en/unified/md/project/perfect-new-recipe.md,21;23;26
fb83a789da8f0327a389c277a0c790b1648d5810,heroes,en/books/heroes/md/project/spend-time-with-loved-ones.md,mcdm.heroes.v1/project/spend-time-with-loved-ones,Spend Time With Loved Ones,vendor/steel-compendium/en/unified/md/project/spend-time-with-loved-ones.md,19;26
fb83a789da8f0327a389c277a0c790b1648d5810,heroes,en/books/heroes/md/rule/downtime/crafting-and-research-events-table.md,mcdm.heroes.v1/rule.downtime/crafting-and-research-events-table,Crafting and Research Events Table,vendor/steel-compendium/en/unified/md/rule/downtime/crafting-and-research-events-table.md,15;28;33;38;56
fb83a789da8f0327a389c277a0c790b1648d5810,heroes,en/books/heroes/md/rule/downtime/crafting-project.md,mcdm.heroes.v1/rule.downtime/crafting-project,Crafting Projects,vendor/steel-compendium/en/unified/md/rule/downtime/crafting-project.md,7
fb83a789da8f0327a389c277a0c790b1648d5810,heroes,en/books/heroes/md/rule/downtime/guide.md,mcdm.heroes.v1/rule.downtime/guide,Guides,vendor/steel-compendium/en/unified/md/rule/downtime/guide.md,7
fb83a789da8f0327a389c277a0c790b1648d5810,heroes,en/books/heroes/md/rule/downtime/project-event.md,mcdm.heroes.v1/rule.downtime/project-event,'For the Director: Project Events',vendor/steel-compendium/en/unified/md/rule/downtime/project-event.md,15;34;42
fb83a789da8f0327a389c277a0c790b1648d5810,heroes,en/books/heroes/md/rule/downtime/project-roll.md,mcdm.heroes.v1/rule.downtime/project-roll,Project Roll,vendor/steel-compendium/en/unified/md/rule/downtime/project-roll.md,7;9
fb83a789da8f0327a389c277a0c790b1648d5810,heroes,en/books/heroes/md/rule/downtime/project-source.md,mcdm.heroes.v1/rule.downtime/project-source,Project Source,vendor/steel-compendium/en/unified/md/rule/downtime/project-source.md,13;17
fb83a789da8f0327a389c277a0c790b1648d5810,heroes,en/books/heroes/md/rule/general/follower-types.md,mcdm.heroes.v1/rule.general/follower-types,Follower Types,vendor/steel-compendium/en/unified/md/rule/general/follower-types.md,11;17
fb83a789da8f0327a389c277a0c790b1648d5810,heroes,en/books/heroes/md/rule/general/follower.md,mcdm.heroes.v1/rule.general/follower,Attract Followers,vendor/steel-compendium/en/unified/md/rule/general/follower.md,9
fb83a789da8f0327a389c277a0c790b1648d5810,heroes,en/books/heroes/md/rule/health/stamina.md,mcdm.heroes.v1/rule.health/stamina,Stamina,vendor/steel-compendium/en/unified/md/rule/health/stamina.md,25
fb83a789da8f0327a389c277a0c790b1648d5810,heroes,en/books/heroes/md/rule/resource/experience.md,mcdm.heroes.v1/rule.resource/experience,Experience,vendor/steel-compendium/en/unified/md/rule/resource/experience.md,7
fb83a789da8f0327a389c277a0c790b1648d5810,heroes,en/books/heroes/md/rule/resource/respite.md,mcdm.heroes.v1/rule.resource/respite,Respite,vendor/steel-compendium/en/unified/md/rule/resource/respite.md,2;3;7;9;11;13
fb83a789da8f0327a389c277a0c790b1648d5810,heroes,en/books/heroes/md/rule/resource/victories.md,mcdm.heroes.v1/rule.resource/victories,Victories,vendor/steel-compendium/en/unified/md/rule/resource/victories.md,19
fb83a789da8f0327a389c277a0c790b1648d5810,heroes,en/books/heroes/md/rule/test/montage-test.md,mcdm.heroes.v1/rule.test/montage-test,Montage Tests,vendor/steel-compendium/en/unified/md/rule/test/montage-test.md,19
fb83a789da8f0327a389c277a0c790b1648d5810,heroes,en/books/heroes/md/rule/treasure/consumable.md,mcdm.heroes.v1/rule.treasure/consumable,Consumables,vendor/steel-compendium/en/unified/md/rule/treasure/consumable.md,17
fb83a789da8f0327a389c277a0c790b1648d5810,heroes,en/books/heroes/md/rule/treasure/leveled-treasure.md,mcdm.heroes.v1/rule.treasure/leveled-treasure,Leveled Treasures,vendor/steel-compendium/en/unified/md/rule/treasure/leveled-treasure.md,17
fb83a789da8f0327a389c277a0c790b1648d5810,heroes,en/books/heroes/md/title/city-rat.md,mcdm.heroes.v1/title/city-rat,City Rat,vendor/steel-compendium/en/unified/md/title/city-rat.md,6;13
fb83a789da8f0327a389c277a0c790b1648d5810,heroes,en/books/heroes/md/title/faction-member.md,mcdm.heroes.v1/title/faction-member,Faction Member,vendor/steel-compendium/en/unified/md/title/faction-member.md,19;20
fb83a789da8f0327a389c277a0c790b1648d5810,heroes,en/books/heroes/md/title/local-hero.md,mcdm.heroes.v1/title/local-hero,Local Hero,vendor/steel-compendium/en/unified/md/title/local-hero.md,19
fb83a789da8f0327a389c277a0c790b1648d5810,heroes,en/books/heroes/md/title/master-librarian.md,mcdm.heroes.v1/title/master-librarian,Master Librarian,vendor/steel-compendium/en/unified/md/title/master-librarian.md,18
fb83a789da8f0327a389c277a0c790b1648d5810,heroes,en/books/heroes/md/title/saved-for-a-worse-fate.md,mcdm.heroes.v1/title/saved-for-a-worse-fate,Saved for a Worse Fate,vendor/steel-compendium/en/unified/md/title/saved-for-a-worse-fate.md,20
fb83a789da8f0327a389c277a0c790b1648d5810,heroes,en/books/heroes/md/title/tireless.md,mcdm.heroes.v1/title/tireless,Tireless,vendor/steel-compendium/en/unified/md/title/tireless.md,17
fb83a789da8f0327a389c277a0c790b1648d5810,heroes,en/books/heroes/md/title/undead-slain.md,mcdm.heroes.v1/title/undead-slain,Undead Slain,vendor/steel-compendium/en/unified/md/title/undead-slain.md,17
fb83a789da8f0327a389c277a0c790b1648d5810,heroes,en/books/heroes/md/treasure/2nd-echelon/consumable/chocolate-of-immovability.md,mcdm.heroes.v1/treasure.2nd-echelon.consumable/chocolate-of-immovability,Chocolate of Immovability,vendor/steel-compendium/en/unified/md/treasure/2nd-echelon/consumable/chocolate-of-immovability.md,3;29
fb83a789da8f0327a389c277a0c790b1648d5810,heroes,en/books/heroes/md/treasure/2nd-echelon/consumable/scroll-of-resurrection.md,mcdm.heroes.v1/treasure.2nd-echelon.consumable/scroll-of-resurrection,Scroll of Resurrection,vendor/steel-compendium/en/unified/md/treasure/2nd-echelon/consumable/scroll-of-resurrection.md,3;30;32
fb83a789da8f0327a389c277a0c790b1648d5810,heroes,en/books/heroes/md/treasure/3rd-echelon/consumable/personal-effigy.md,mcdm.heroes.v1/treasure.3rd-echelon.consumable/personal-effigy,Personal Effigy,vendor/steel-compendium/en/unified/md/treasure/3rd-echelon/consumable/personal-effigy.md,3;29
fb83a789da8f0327a389c277a0c790b1648d5810,heroes,en/books/heroes/md/treasure/artifact/mortal-coil.md,mcdm.heroes.v1/treasure.artifact/mortal-coil,Mortal Coil,vendor/steel-compendium/en/unified/md/treasure/artifact/mortal-coil.md,22
fb83a789da8f0327a389c277a0c790b1648d5810,heroes,en/books/heroes/md/treasure/leveled/other/bloodbound-band.md,mcdm.heroes.v1/treasure.leveled.other/bloodbound-band,Bloodbound Band,vendor/steel-compendium/en/unified/md/treasure/leveled/other/bloodbound-band.md,8;32
fb83a789da8f0327a389c277a0c790b1648d5810,monsters,en/books/monsters/md/chapter/monster-basics.md,mcdm.monsters.v1/chapter/monster-basics,Monster Basics,vendor/steel-compendium/en/unified/md/chapter/monster-basics.md,60;218;281;283;285
fb83a789da8f0327a389c277a0c790b1648d5810,monsters,en/books/monsters/md/monster/elf-high/statblock/high-elf-palinode.md,mcdm.monsters.v1/monster.elf-high.statblock/high-elf-palinode,High Elf Palinode,vendor/steel-compendium/en/unified/md/monster/elf-high/statblock/high-elf-palinode.md,45
fb83a789da8f0327a389c277a0c790b1648d5810,monsters,en/books/monsters/md/monster/group/arixx.md,mcdm.monsters.v1/monster.group/arixx,Arixx,vendor/steel-compendium/en/unified/md/monster/group/arixx.md,18
fb83a789da8f0327a389c277a0c790b1648d5810,monsters,en/books/monsters/md/monster/group/valok.md,mcdm.monsters.v1/monster.group/valok,Valok,vendor/steel-compendium/en/unified/md/monster/group/valok.md,16
fb83a789da8f0327a389c277a0c790b1648d5810,monsters,en/books/monsters/md/monster/radenwight/radenwight-malice.md,mcdm.monsters.v1/monster.radenwight/radenwight-malice,Radenwight Malice,vendor/steel-compendium/en/unified/md/monster/radenwight/radenwight-malice.md,43;55;92
fb83a789da8f0327a389c277a0c790b1648d5810,monsters,en/books/monsters/md/monster/undead/2nd-echelon/statblock/flesh-mournling.md,mcdm.monsters.v1/monster.undead.2nd-echelon.statblock/flesh-mournling,Flesh Mournling,vendor/steel-compendium/en/unified/md/monster/undead/2nd-echelon/statblock/flesh-mournling.md,60
fb83a789da8f0327a389c277a0c790b1648d5810,monsters,en/books/monsters/md/monster/werewolf/statblock/werewolf.md,mcdm.monsters.v1/monster.werewolf.statblock/werewolf,Werewolf,vendor/steel-compendium/en/unified/md/monster/werewolf/statblock/werewolf.md,38;60
